"","Site","areas","ave_cf"
"1",1,200,26
"2",1,400,44.5
"3",1,600,54
"4",1,800,60
"5",1,1000,64
"6",1,1200,67.5
"7",1,1400,71
"8",1,1600,74.5
"9",1,1800,77.5
"10",1,2000,80
"11",1,2200,81.5
"12",1,2400,83.5
"13",1,2600,85.5
"14",1,2800,87.5
"15",1,3000,90
"16",1,3200,93.5
"17",2,200,20
"18",2,400,37.5
"19",2,600,51
"20",2,800,58
"21",2,1000,63
"22",2,1200,68
"23",2,1400,71
"24",2,1600,75
"25",2,1800,78
"26",2,2000,80.5
"27",2,2200,84
"28",2,2400,88
"29",2,2600,92.5
"30",2,2800,102
"31",2,3000,103.5
"32",2,3200,105
"33",3,200,13.5
"34",3,400,27
"35",3,600,38
"36",3,800,43
"37",3,1000,47
"38",3,1200,50
"39",3,1400,52.5
"40",3,1600,54
"41",3,1800,55.5
"42",3,2000,57
"43",3,2200,59
"44",3,2400,60.5
"45",3,2600,62
"46",3,2800,64
"47",3,3000,66
"48",3,3200,69
"49",4,200,17
"50",4,400,27
"51",4,600,34.5
"52",4,800,40.5
"53",4,1000,44
"54",4,1200,46.5
"55",4,1400,48.5
"56",4,1600,50
"57",4,1800,51.5
"58",4,2000,53
"59",4,2200,54
"60",4,2400,55
"61",4,2600,56.5
"62",4,2800,59.5
"63",4,3000,63
"64",4,3200,68
"65",5,200,31.5
"66",5,400,62
"67",5,600,76
"68",5,800,85
"69",5,1000,90
"70",5,1200,95
"71",5,1400,100
"72",5,1600,104.5
"73",5,1800,109
"74",5,2000,112.5
"75",5,2200,116.5
"76",5,2400,118.5
"77",5,2600,120
"78",5,2800,122.5
"79",5,3000,126
"80",5,3200,132.5
"81",6,200,32.5
"82",6,400,57
"83",6,600,66.5
"84",6,800,73
"85",6,1000,76.5
"86",6,1200,80.5
"87",6,1400,85
"88",6,1600,87
"89",6,1800,89
"90",6,2000,92
"91",6,2200,95
"92",6,2400,97.5
"93",6,2600,99.5
"94",6,2800,101.5
"95",6,3000,104.5
"96",6,3200,106.5
"97",7,200,16
"98",7,400,28
"99",7,600,34
"100",7,800,38.5
"101",7,1000,42
"102",7,1200,44.5
"103",7,1400,46
"104",7,1600,47
"105",7,1800,48.5
"106",7,2000,49.5
"107",7,2200,52
"108",7,2400,54
"109",7,2600,57.5
"110",7,2800,59.5
"111",7,3000,61
"112",7,3200,63
"113",8,200,37
"114",8,400,57
"115",8,600,69.5
"116",8,800,76.5
"117",8,1000,83.5
"118",8,1200,87.5
"119",8,1400,91
"120",8,1600,94
"121",8,1800,95.5
"122",8,2000,97.5
"123",8,2200,100
"124",8,2400,101
"125",8,2600,103.5
"126",8,2800,106.5
"127",8,3000,111.5
"128",8,3200,115
"129",9,200,17
"130",9,400,26.5
"131",9,600,32
"132",9,800,36.5
"133",9,1000,40
"134",9,1200,42
"135",9,1400,44
"136",9,1600,46.5
"137",9,1800,48
"138",9,2000,50
"139",9,2200,52.5
"140",9,2400,54
"141",9,2600,55.5
"142",9,2800,57
"143",9,3000,59
"144",9,3200,62
"145",10,200,17
"146",10,400,31
"147",10,600,40
"148",10,800,44.5
"149",10,1000,47.5
"150",10,1200,51
"151",10,1400,54
"152",10,1600,56.5
"153",10,1800,58.5
"154",10,2000,60
"155",10,2200,62
"156",10,2400,64.5
"157",10,2600,67
"158",10,2800,69.5
"159",10,3000,71
"160",10,3200,74.5
"161",11,200,19.5
"162",11,400,31
"163",11,600,37
"164",11,800,42
"165",11,1000,47
"166",11,1200,50
"167",11,1400,53
"168",11,1600,55
"169",11,1800,57
"170",11,2000,58.5
"171",11,2200,60
"172",11,2400,62
"173",11,2600,64
"174",11,2800,65.5
"175",11,3000,67.5
"176",11,3200,70.5
"177",12,200,23
"178",12,400,38.5
"179",12,600,47
"180",12,800,54
"181",12,1000,57.5
"182",12,1200,61.5
"183",12,1400,64.5
"184",12,1600,67
"185",12,1800,69.5
"186",12,2000,70.5
"187",12,2200,72.5
"188",12,2400,75
"189",12,2600,77
"190",12,2800,79.5
"191",12,3000,82.5
"192",12,3200,84.5
"193",13,200,22
"194",13,400,43.5
"195",13,600,54
"196",13,800,61
"197",13,1000,66.5
"198",13,1200,71.5
"199",13,1400,75
"200",13,1600,77.5
"201",13,1800,80.5
"202",13,2000,83
"203",13,2200,85.5
"204",13,2400,87.5
"205",13,2600,90.5
"206",13,2800,95
"207",13,3000,103.5
"208",13,3200,106
"209",14,200,18.5
"210",14,400,35.5
"211",14,600,42
"212",14,800,46
"213",14,1000,47
"214",14,1200,48
"215",14,1400,49.5
"216",14,1600,50.5
"217",14,1800,51.5
"218",14,2000,53
"219",14,2200,54
"220",14,2400,55.5
"221",14,2600,58.5
"222",14,2800,62
"223",14,3000,64.5
"224",14,3200,67
"225",15,200,16.5
"226",15,400,29
"227",15,600,32.5
"228",15,800,34.5
"229",15,1000,37
"230",15,1200,38
"231",15,1400,39.5
"232",15,1600,40.5
"233",15,1800,41.5
"234",15,2000,43.5
"235",15,2200,45.5
"236",15,2400,46.8
"237",15,2600,48.1
"238",15,2800,49.4
"239",15,3000,50.7
"240",15,3200,52
"241",16,200,25
"242",16,400,42.5
"243",16,600,50.5
"244",16,800,56.5
"245",16,1000,61
"246",16,1200,64.5
"247",16,1400,67.5
"248",16,1600,70.5
"249",16,1800,72.5
"250",16,2000,74.5
"251",16,2200,77
"252",16,2400,79
"253",16,2600,81
"254",16,2800,83.5
"255",16,3000,85.5
"256",16,3200,87.5
"257",17,200,19
"258",17,400,34.5
"259",17,600,39.5
"260",17,800,44.5
"261",17,1000,49
"262",17,1200,51.5
"263",17,1400,53
"264",17,1600,54.5
"265",17,1800,56
"266",17,2000,57.5
"267",17,2200,59
"268",17,2400,60.5
"269",17,2600,63.5
"270",17,2800,66.5
"271",17,3000,68.25
"272",17,3200,70
"273",18,200,22.5
"274",18,400,42
"275",18,600,50
"276",18,800,57
"277",18,1000,62
"278",18,1200,66
"279",18,1400,68.5
"280",18,1600,71
"281",18,1800,73
"282",18,2000,75
"283",18,2200,78
"284",18,2400,81.5
"285",18,2600,84
"286",18,2800,87
"287",18,3000,91.5
"288",18,3200,96
"289",19,200,17
"290",19,400,31
"291",19,600,37.5
"292",19,800,42
"293",19,1000,45
"294",19,1200,47.5
"295",19,1400,49.5
"296",19,1600,52
"297",19,1800,53.5
"298",19,2000,55
"299",19,2200,56.5
"300",19,2400,58
"301",19,2600,59
"302",19,2800,60.5
"303",19,3000,62.5
"304",19,3200,65
"305",20,200,24.5
"306",20,400,46
"307",20,600,57
"308",20,800,64.5
"309",20,1000,69.5
"310",20,1200,73
"311",20,1400,76.5
"312",20,1600,79.5
"313",20,1800,83
"314",20,2000,85
"315",20,2200,88.5
"316",20,2400,92
"317",20,2600,95
"318",20,2800,97.5
"319",20,3000,100
"320",20,3200,103
"321",21,200,17.5
"322",21,400,29
"323",21,600,35
"324",21,800,39.5
"325",21,1000,42.5
"326",21,1200,45
"327",21,1400,47
"328",21,1600,48.5
"329",21,1800,50.5
"330",21,2000,52
"331",21,2200,53.5
"332",21,2400,55
"333",21,2600,56.5
"334",21,2800,59.5
"335",21,3000,61.5
"336",21,3200,65
"337",22,200,18
"338",22,400,31
"339",22,600,38.5
"340",22,800,44
"341",22,1000,47.5
"342",22,1200,50
"343",22,1400,52.5
"344",22,1600,54.5
"345",22,1800,56
"346",22,2000,58
"347",22,2200,59.5
"348",22,2400,61.5
"349",22,2600,63
"350",22,2800,65.5
"351",22,3000,68.5
"352",22,3200,72.5
"353",23,200,37.5
"354",23,400,60
"355",23,600,69
"356",23,800,74.5
"357",23,1000,78
"358",23,1200,81.5
"359",23,1400,84
"360",23,1600,85.5
"361",23,1800,88
"362",23,2000,90
"363",23,2200,92
"364",23,2400,93.5
"365",23,2600,95.5
"366",23,2800,98
"367",23,3000,101
"368",23,3200,106.5
"369",24,200,17
"370",24,400,32.5
"371",24,600,39.5
"372",24,800,43.5
"373",24,1000,46
"374",24,1200,48.5
"375",24,1400,50.5
"376",24,1600,52.5
"377",24,1800,54
"378",24,2000,56
"379",24,2200,57
"380",24,2400,59
"381",24,2600,61
"382",24,2800,63
"383",24,3000,66.5
"384",24,3200,69
"385",25,200,23.5
"386",25,400,37.5
"387",25,600,43.5
"388",25,800,48
"389",25,1000,50.5
"390",25,1200,53
"391",25,1400,54
"392",25,1600,55
"393",25,1800,56.5
"394",25,2000,58
"395",25,2200,59.5
"396",25,2400,61
"397",25,2600,63
"398",25,2800,65
"399",25,3000,67
"400",25,3200,70.5
"401",26,200,18.5
"402",26,400,33
"403",26,600,43.5
"404",26,800,49.5
"405",26,1000,53.5
"406",26,1200,57
"407",26,1400,60.5
"408",26,1600,63
"409",26,1800,65.5
"410",26,2000,67
"411",26,2200,69
"412",26,2400,70.5
"413",26,2600,72.5
"414",26,2800,74.5
"415",26,3000,77
"416",26,3200,82
"417",27,200,12.5
"418",27,400,22
"419",27,600,25.5
"420",27,800,28.5
"421",27,1000,31
"422",27,1200,32
"423",27,1400,33
"424",27,1600,34
"425",27,1800,35
"426",27,2000,36
"427",27,2200,37
"428",27,2400,38
"429",27,2600,40.5
"430",27,2800,42.6666666666667
"431",27,3000,44.8333333333333
"432",27,3200,47
"433",28,200,15
"434",28,400,24.5
"435",28,600,27.5
"436",28,800,30.5
"437",28,1000,32.5
"438",28,1200,35
"439",28,1400,36.5
"440",28,1600,38
"441",28,1800,39.5
"442",28,2000,41
"443",28,2200,42
"444",28,2400,43
"445",28,2600,44.5
"446",28,2800,45.5
"447",28,3000,47.5
"448",28,3200,50
"449",29,200,17.5
"450",29,400,31
"451",29,600,38.5
"452",29,800,44
"453",29,1000,49
"454",29,1200,53.5
"455",29,1400,56
"456",29,1600,59.5
"457",29,1800,62.5
"458",29,2000,65
"459",29,2200,68
"460",29,2400,70
"461",29,2600,72
"462",29,2800,74.5
"463",29,3000,77
"464",29,3200,79
"465",30,200,15.5
"466",30,400,27
"467",30,600,34.5
"468",30,800,39.5
"469",30,1000,44
"470",30,1200,47.5
"471",30,1400,49.5
"472",30,1600,51.5
"473",30,1800,53.5
"474",30,2000,56
"475",30,2200,57.5
"476",30,2400,60
"477",30,2600,62
"478",30,2800,63
"479",30,3000,65.5
"480",30,3200,68.5
"481",31,200,27.5
"482",31,400,48
"483",31,600,58
"484",31,800,63
"485",31,1000,65.5
"486",31,1200,68
"487",31,1400,70.5
"488",31,1600,72.5
"489",31,1800,74.5
"490",31,2000,76.5
"491",31,2200,78.5
"492",31,2400,82
"493",31,2600,85
"494",31,2800,86.5
"495",31,3000,90
"496",31,3200,91
"497",32,200,14.5
"498",32,400,27
"499",32,600,33
"500",32,800,36
"501",32,1000,38.5
"502",32,1200,40
"503",32,1400,41.5
"504",32,1600,42.5
"505",32,1800,44
"506",32,2000,45.5
"507",32,2200,47.5
"508",32,2400,49.5
"509",32,2600,51.5
"510",32,2800,53.5
"511",32,3000,56.5
"512",32,3200,59
"513",33,200,16
"514",33,400,24
"515",33,600,26.5
"516",33,800,29
"517",33,1000,31
"518",33,1200,33
"519",33,1400,35
"520",33,1600,36.5
"521",33,1800,37.5
"522",33,2000,38.5
"523",33,2200,39.5
"524",33,2400,40.5
"525",33,2600,42
"526",33,2800,43.5
"527",33,3000,45
"528",33,3200,46.5
"529",34,200,20
"530",34,400,31
"531",34,600,35.5
"532",34,800,38.5
"533",34,1000,40.5
"534",34,1200,42.5
"535",34,1400,44
"536",34,1600,45.5
"537",34,1800,47
"538",34,2000,48
"539",34,2200,49.5
"540",34,2400,51
"541",34,2600,53
"542",34,2800,55
"543",34,3000,56.5
"544",34,3200,58.5
"545",35,200,15
"546",35,400,28
"547",35,600,38
"548",35,800,44
"549",35,1000,47
"550",35,1200,50.5
"551",35,1400,53.5
"552",35,1600,56.5
"553",35,1800,59
"554",35,2000,61.5
"555",35,2200,63
"556",35,2400,64
"557",35,2600,65.5
"558",35,2800,67.5
"559",35,3000,70
"560",35,3200,72
"561",36,200,19.5
"562",36,400,34.5
"563",36,600,45.5
"564",36,800,52.5
"565",36,1000,57.5
"566",36,1200,61
"567",36,1400,63
"568",36,1600,65
"569",36,1800,66.5
"570",36,2000,68
"571",36,2200,70
"572",36,2400,72
"573",36,2600,73
"574",36,2800,75
"575",36,3000,77
"576",36,3200,81
"577",37,200,14
"578",37,400,27
"579",37,600,34.5
"580",37,800,39
"581",37,1000,41.5
"582",37,1200,44.5
"583",37,1400,46.5
"584",37,1600,48.5
"585",37,1800,51
"586",37,2000,53.5
"587",37,2200,55.5
"588",37,2400,58
"589",37,2600,60
"590",37,2800,62
"591",37,3000,63
"592",37,3200,65
"593",38,200,26
"594",38,400,43
"595",38,600,52.5
"596",38,800,60
"597",38,1000,66
"598",38,1200,71.5
"599",38,1400,76.5
"600",38,1600,80.5
"601",38,1800,84.5
"602",38,2000,87.5
"603",38,2200,90
"604",38,2400,93
"605",38,2600,96.5
"606",38,2800,99.5
"607",38,3000,102
"608",38,3200,103
"609",39,200,30.5
"610",39,400,57
"611",39,600,67
"612",39,800,73.5
"613",39,1000,78
"614",39,1200,81.5
"615",39,1400,84
"616",39,1600,86.5
"617",39,1800,89.5
"618",39,2000,91
"619",39,2200,93.5
"620",39,2400,95.5
"621",39,2600,98
"622",39,2800,100
"623",39,3000,104.5
"624",39,3200,108.5
"625",40,200,35.5
"626",40,400,61.5
"627",40,600,77
"628",40,800,87
"629",40,1000,93.5
"630",40,1200,98
"631",40,1400,103.5
"632",40,1600,108
"633",40,1800,112.5
"634",40,2000,115.5
"635",40,2200,118.5
"636",40,2400,122
"637",40,2600,125.5
"638",40,2800,128.5
"639",40,3000,131.5
"640",40,3200,137
"641",41,200,24
"642",41,400,38
"643",41,600,46
"644",41,800,52.5
"645",41,1000,57
"646",41,1200,61
"647",41,1400,64.5
"648",41,1600,67.5
"649",41,1800,69.5
"650",41,2000,70.5
"651",41,2200,72.5
"652",41,2400,74
"653",41,2600,75.5
"654",41,2800,77.5
"655",41,3000,80
"656",41,3200,83.5
"657",42,200,21.5
"658",42,400,39
"659",42,600,52.5
"660",42,800,60
"661",42,1000,65
"662",42,1200,68
"663",42,1400,70
"664",42,1600,72
"665",42,1800,73.5
"666",42,2000,75
"667",42,2200,77.5
"668",42,2400,80.5
"669",42,2600,84
"670",42,2800,87.5
"671",42,3000,91
"672",42,3200,95
"673",43,200,23
"674",43,400,41
"675",43,600,50
"676",43,800,58.5
"677",43,1000,65
"678",43,1200,70.5
"679",43,1400,75
"680",43,1600,79.5
"681",43,1800,83.5
"682",43,2000,87
"683",43,2200,90.5
"684",43,2400,94
"685",43,2600,96.5
"686",43,2800,99
"687",43,3000,102.5
"688",43,3200,107
"689",44,200,16.5
"690",44,400,33
"691",44,600,44
"692",44,800,52
"693",44,1000,59
"694",44,1200,66
"695",44,1400,71
"696",44,1600,75
"697",44,1800,78
"698",44,2000,81.5
"699",44,2200,85
"700",44,2400,88
"701",44,2600,91
"702",44,2800,93.5
"703",44,3000,96.5
"704",44,3200,99.5
"705",45,200,16.5
"706",45,400,31
"707",45,600,41.5
"708",45,800,46
"709",45,1000,49.5
"710",45,1200,53
"711",45,1400,56.5
"712",45,1600,59
"713",45,1800,61.5
"714",45,2000,64
"715",45,2200,65.5
"716",45,2400,67.5
"717",45,2600,70
"718",45,2800,72.5
"719",45,3000,75
"720",45,3200,77.5
"721",46,200,18.5
"722",46,400,34.5
"723",46,600,44.5
"724",46,800,50.5
"725",46,1000,55.5
"726",46,1200,59
"727",46,1400,64
"728",46,1600,68
"729",46,1800,70.5
"730",46,2000,73
"731",46,2200,75
"732",46,2400,77.5
"733",46,2600,80.5
"734",46,2800,83.5
"735",46,3000,90.5
"736",46,3200,93
"737",47,200,33
"738",47,400,59
"739",47,600,76.5
"740",47,800,89
"741",47,1000,96.5
"742",47,1200,104.5
"743",47,1400,111
"744",47,1600,116.5
"745",47,1800,120.5
"746",47,2000,123.5
"747",47,2200,127
"748",47,2400,129.5
"749",47,2600,132.5
"750",47,2800,137.5
"751",47,3000,140.5
"752",47,3200,145.5
"753",48,200,20
"754",48,400,36
"755",48,600,45.5
"756",48,800,50
"757",48,1000,53
"758",48,1200,56.5
"759",48,1400,59.5
"760",48,1600,62
"761",48,1800,64
"762",48,2000,65
"763",48,2200,66.5
"764",48,2400,69
"765",48,2600,71.5
"766",48,2800,74
"767",48,3000,75.5
"768",48,3200,77
"769",49,200,13.5
"770",49,400,20.5
"771",49,600,25
"772",49,800,27.5
"773",49,1000,30.5
"774",49,1200,33
"775",49,1400,35
"776",49,1600,36
"777",49,1800,37
"778",49,2000,38.5
"779",49,2200,39.5
"780",49,2400,40.5
"781",49,2600,42
"782",49,2800,43.5
"783",49,3000,45.5
"784",49,3200,48
"785",50,200,27.5
"786",50,400,49
"787",50,600,61.5
"788",50,800,67.5
"789",50,1000,72.5
"790",50,1200,78
"791",50,1400,83
"792",50,1600,87.5
"793",50,1800,91
"794",50,2000,94
"795",50,2200,98
"796",50,2400,102
"797",50,2600,106.5
"798",50,2800,110.5
"799",50,3000,117.5
"800",50,3200,120
"801",51,200,14.5
"802",51,400,20.5
"803",51,600,23
"804",51,800,25
"805",51,1000,26.5
"806",51,1200,27.5
"807",51,1400,28.5
"808",51,1600,29.5
"809",51,1800,30.5
"810",51,2000,31.5
"811",51,2200,32.5
"812",51,2400,33.5
"813",51,2600,34.5
"814",51,2800,35.5
"815",51,3000,36.5
"816",51,3200,41
"817",52,200,17.5
"818",52,400,30
"819",52,600,35
"820",52,800,37
"821",52,1000,38
"822",52,1200,39.5
"823",52,1400,40.5
"824",52,1600,41.5
"825",52,1800,42.5
"826",52,2000,43.5
"827",52,2200,44.5
"828",52,2400,46
"829",52,2600,47
"830",52,2800,48.5
"831",52,3000,50.5
"832",52,3200,54
"833",53,200,27
"834",53,400,43
"835",53,600,53.5
"836",53,800,58.5
"837",53,1000,62.5
"838",53,1200,65.5
"839",53,1400,69
"840",53,1600,71.5
"841",53,1800,74
"842",53,2000,75.5
"843",53,2200,77
"844",53,2400,78.5
"845",53,2600,81.5
"846",53,2800,85
"847",53,3000,87.5
"848",53,3200,91
"849",54,200,13
"850",54,400,23
"851",54,600,29.5
"852",54,800,34
"853",54,1000,36.5
"854",54,1200,38.5
"855",54,1400,39.5
"856",54,1600,40.5
"857",54,1800,41.5
"858",54,2000,43
"859",54,2200,44.5
"860",54,2400,47
"861",54,2600,49.5
"862",54,2800,51.5
"863",54,3000,53.75
"864",54,3200,56
"865",55,200,18
"866",55,400,31.5
"867",55,600,36.5
"868",55,800,41
"869",55,1000,44
"870",55,1200,46
"871",55,1400,47.5
"872",55,1600,48.5
"873",55,1800,49.5
"874",55,2000,50.5
"875",55,2200,51.5
"876",55,2400,52.5
"877",55,2600,53.5
"878",55,2800,55
"879",55,3000,57.5
"880",55,3200,60.5
"881",56,200,21
"882",56,400,34
"883",56,600,40
"884",56,800,44.5
"885",56,1000,47.5
"886",56,1200,50.5
"887",56,1400,53
"888",56,1600,55.5
"889",56,1800,58
"890",56,2000,60.5
"891",56,2200,63
"892",56,2400,65
"893",56,2600,67.5
"894",56,2800,69.5
"895",56,3000,71.5
"896",56,3200,73.5
"897",57,200,15.5
"898",57,400,28.5
"899",57,600,37
"900",57,800,45.5
"901",57,1000,51.5
"902",57,1200,56
"903",57,1400,59
"904",57,1600,61
"905",57,1800,63
"906",57,2000,65.5
"907",57,2200,67
"908",57,2400,68.5
"909",57,2600,70
"910",57,2800,71.5
"911",57,3000,73.5
"912",57,3200,76.5
"913",58,200,22
"914",58,400,39
"915",58,600,47
"916",58,800,54.5
"917",58,1000,59.5
"918",58,1200,63.5
"919",58,1400,66.5
"920",58,1600,69.5
"921",58,1800,72
"922",58,2000,74.5
"923",58,2200,77
"924",58,2400,80
"925",58,2600,82
"926",58,2800,84.5
"927",58,3000,87
"928",58,3200,92
"929",59,200,28.5
"930",59,400,47
"931",59,600,59
"932",59,800,69.5
"933",59,1000,76
"934",59,1200,81.5
"935",59,1400,86.5
"936",59,1600,89.5
"937",59,1800,93
"938",59,2000,96
"939",59,2200,99
"940",59,2400,102
"941",59,2600,109
"942",59,2800,113
"943",59,3000,114.5
"944",59,3200,116
"945",60,200,24
"946",60,400,42
"947",60,600,50.5
"948",60,800,56
"949",60,1000,60.5
"950",60,1200,64.5
"951",60,1400,67
"952",60,1600,69
"953",60,1800,70.5
"954",60,2000,72
"955",60,2200,75
"956",60,2400,78
"957",60,2600,80.5
"958",60,2800,82.5
"959",60,3000,84.5
"960",60,3200,87.5
"961",61,200,24
"962",61,400,41
"963",61,600,47
"964",61,800,52.5
"965",61,1000,56.5
"966",61,1200,60
"967",61,1400,63.5
"968",61,1600,66.5
"969",61,1800,69.5
"970",61,2000,72
"971",61,2200,73.5
"972",61,2400,75.5
"973",61,2600,77.5
"974",61,2800,79.5
"975",61,3000,81.5
"976",61,3200,83.5
"977",62,200,20
"978",62,400,37.5
"979",62,600,48
"980",62,800,56
"981",62,1000,60.5
"982",62,1200,64
"983",62,1400,68
"984",62,1600,72
"985",62,1800,74
"986",62,2000,76.5
"987",62,2200,80.5
"988",62,2400,84
"989",62,2600,86.5
"990",62,2800,88.5
"991",62,3000,92.5
"992",62,3200,95.5
"993",63,200,24.5
"994",63,400,44
"995",63,600,54.5
"996",63,800,62
"997",63,1000,66.5
"998",63,1200,70.5
"999",63,1400,74
"1000",63,1600,75
"1001",63,1800,77
"1002",63,2000,79
"1003",63,2200,81
"1004",63,2400,83
"1005",63,2600,86
"1006",63,2800,88.5
"1007",63,3000,93.5
"1008",63,3200,97
"1009",64,200,14
"1010",64,400,26
"1011",64,600,34.5
"1012",64,800,40
"1013",64,1000,44.5
"1014",64,1200,48.5
"1015",64,1400,52
"1016",64,1600,55
"1017",64,1800,57.5
"1018",64,2000,60
"1019",64,2200,62.5
"1020",64,2400,66
"1021",64,2600,70
"1022",64,2800,73
"1023",64,3000,76
"1024",64,3200,79
"1025",65,200,14.5
"1026",65,400,26
"1027",65,600,30
"1028",65,800,32
"1029",65,1000,34
"1030",65,1200,35.5
"1031",65,1400,36.5
"1032",65,1600,37.5
"1033",65,1800,38.5
"1034",65,2000,39.5
"1035",65,2200,40.5
"1036",65,2400,41.5
"1037",65,2600,43
"1038",65,2800,44.5
"1039",65,3000,46.5
"1040",65,3200,51
"1041",66,200,31
"1042",66,400,54
"1043",66,600,67.5
"1044",66,800,74.5
"1045",66,1000,81
"1046",66,1200,86.5
"1047",66,1400,90.5
"1048",66,1600,94
"1049",66,1800,97
"1050",66,2000,100
"1051",66,2200,103
"1052",66,2400,105.5
"1053",66,2600,108.5
"1054",66,2800,112
"1055",66,3000,117.5
"1056",66,3200,122
"1057",67,200,15.5
"1058",67,400,26.5
"1059",67,600,33.5
"1060",67,800,37.5
"1061",67,1000,41.5
"1062",67,1200,44.5
"1063",67,1400,47
"1064",67,1600,49
"1065",67,1800,51.5
"1066",67,2000,53.5
"1067",67,2200,55.5
"1068",67,2400,57.5
"1069",67,2600,59.5
"1070",67,2800,62
"1071",67,3000,65.5
"1072",67,3200,68
"1073",68,200,28
"1074",68,400,44
"1075",68,600,49.5
"1076",68,800,52.5
"1077",68,1000,56
"1078",68,1200,59.5
"1079",68,1400,63
"1080",68,1600,65
"1081",68,1800,68
"1082",68,2000,70
"1083",68,2200,72
"1084",68,2400,74
"1085",68,2600,76
"1086",68,2800,77.5
"1087",68,3000,79
"1088",68,3200,81
"1089",69,200,18
"1090",69,400,34.5
"1091",69,600,40.5
"1092",69,800,44.5
"1093",69,1000,47
"1094",69,1200,49.5
"1095",69,1400,51.5
"1096",69,1600,52.5
"1097",69,1800,54
"1098",69,2000,55
"1099",69,2200,56.5
"1100",69,2400,58
"1101",69,2600,59.5
"1102",69,2800,61
"1103",69,3000,63.5
"1104",69,3200,66
"1105",70,200,13.5
"1106",70,400,22
"1107",70,600,28
"1108",70,800,33
"1109",70,1000,36.5
"1110",70,1200,39.5
"1111",70,1400,42
"1112",70,1600,44
"1113",70,1800,46
"1114",70,2000,48.5
"1115",70,2200,50
"1116",70,2400,52
"1117",70,2600,54
"1118",70,2800,56.5
"1119",70,3000,58.5
"1120",70,3200,61
"1121",71,200,24
"1122",71,400,41
"1123",71,600,50.5
"1124",71,800,54.5
"1125",71,1000,57.5
"1126",71,1200,59.5
"1127",71,1400,61.5
"1128",71,1600,63
"1129",71,1800,65
"1130",71,2000,67
"1131",71,2200,69.5
"1132",71,2400,70.5
"1133",71,2600,72
"1134",71,2800,74.5
"1135",71,3000,76.5
"1136",71,3200,79.5
"1137",72,200,22
"1138",72,400,40
"1139",72,600,47.5
"1140",72,800,52.5
"1141",72,1000,56
"1142",72,1200,57.5
"1143",72,1400,58.5
"1144",72,1600,59.5
"1145",72,1800,61
"1146",72,2000,62
"1147",72,2200,63.5
"1148",72,2400,65
"1149",72,2600,66.5
"1150",72,2800,69
"1151",72,3000,71.5
"1152",72,3200,75
"1153",73,200,19.5
"1154",73,400,30.5
"1155",73,600,37.5
"1156",73,800,41.5
"1157",73,1000,45
"1158",73,1200,47
"1159",73,1400,49
"1160",73,1600,51
"1161",73,1800,53
"1162",73,2000,55
"1163",73,2200,56.5
"1164",73,2400,58
"1165",73,2600,60
"1166",73,2800,63
"1167",73,3000,65
"1168",73,3200,69
"1169",74,200,28.5
"1170",74,400,55.5
"1171",74,600,66.5
"1172",74,800,71
"1173",74,1000,74.5
"1174",74,1200,77.5
"1175",74,1400,79.5
"1176",74,1600,81
"1177",74,1800,82.5
"1178",74,2000,84
"1179",74,2200,85.5
"1180",74,2400,88
"1181",74,2600,91
"1182",74,2800,98
"1183",74,3000,99.5
"1184",74,3200,101
"1185",75,200,19.5
"1186",75,400,38
"1187",75,600,48.5
"1188",75,800,55.5
"1189",75,1000,60
"1190",75,1200,64
"1191",75,1400,67.5
"1192",75,1600,71
"1193",75,1800,73.5
"1194",75,2000,75.5
"1195",75,2200,78
"1196",75,2400,80
"1197",75,2600,82
"1198",75,2800,84.5
"1199",75,3000,87.5
"1200",75,3200,90
"1201",76,200,20
"1202",76,400,33.5
"1203",76,600,39
"1204",76,800,42
"1205",76,1000,44.5
"1206",76,1200,46.5
"1207",76,1400,48
"1208",76,1600,49
"1209",76,1800,50
"1210",76,2000,51.5
"1211",76,2200,53
"1212",76,2400,54
"1213",76,2600,55.5
"1214",76,2800,57.5
"1215",76,3000,60
"1216",76,3200,64
"1217",77,200,20.5
"1218",77,400,39
"1219",77,600,51
"1220",77,800,59
"1221",77,1000,63
"1222",77,1200,65.5
"1223",77,1400,67.5
"1224",77,1600,69
"1225",77,1800,72
"1226",77,2000,74.5
"1227",77,2200,77
"1228",77,2400,80.5
"1229",77,2600,85.5
"1230",77,2800,87
"1231",77,3000,88.5
"1232",77,3200,90
"1233",78,200,5
"1234",78,400,9
"1235",78,600,11.5
"1236",78,800,13.5
"1237",78,1000,15
"1238",78,1200,16.5
"1239",78,1400,18
"1240",78,1600,19
"1241",78,1800,20.5
"1242",78,2000,21.7142857142857
"1243",78,2200,22.9285714285714
"1244",78,2400,24.1428571428571
"1245",78,2600,25.3571428571429
"1246",78,2800,26.5714285714286
"1247",78,3000,27.7857142857143
"1248",78,3200,29
"1249",79,200,25
"1250",79,400,43.5
"1251",79,600,53
"1252",79,800,58
"1253",79,1000,61
"1254",79,1200,64.5
"1255",79,1400,67.5
"1256",79,1600,70.5
"1257",79,1800,73.5
"1258",79,2000,75.5
"1259",79,2200,78.5
"1260",79,2400,81
"1261",79,2600,84
"1262",79,2800,89
"1263",79,3000,90.5
"1264",79,3200,92
"1265",80,200,23.5
"1266",80,400,38.5
"1267",80,600,44.5
"1268",80,800,49
"1269",80,1000,52.5
"1270",80,1200,55
"1271",80,1400,57.5
"1272",80,1600,59.5
"1273",80,1800,61.5
"1274",80,2000,64.5
"1275",80,2200,66.5
"1276",80,2400,69
"1277",80,2600,71.5
"1278",80,2800,76.5
"1279",80,3000,78
"1280",80,3200,79.5
"1281",81,200,23
"1282",81,400,39
"1283",81,600,48
"1284",81,800,55
"1285",81,1000,60.5
"1286",81,1200,66
"1287",81,1400,70.5
"1288",81,1600,75.5
"1289",81,1800,79
"1290",81,2000,83
"1291",81,2200,86.5
"1292",81,2400,89
"1293",81,2600,92
"1294",81,2800,95
"1295",81,3000,98.5
"1296",81,3200,101.5
"1297",82,200,18.5
"1298",82,400,31
"1299",82,600,38.5
"1300",82,800,43
"1301",82,1000,46.5
"1302",82,1200,49
"1303",82,1400,51
"1304",82,1600,52.5
"1305",82,1800,54
"1306",82,2000,55.5
"1307",82,2200,57
"1308",82,2400,59
"1309",82,2600,62
"1310",82,2800,65
"1311",82,3000,68.5
"1312",82,3200,72
"1313",83,200,42.5
"1314",83,400,77
"1315",83,600,91
"1316",83,800,98.5
"1317",83,1000,104.5
"1318",83,1200,109.5
"1319",83,1400,114
"1320",83,1600,119
"1321",83,1800,125
"1322",83,2000,131
"1323",83,2200,134.5
"1324",83,2400,137.5
"1325",83,2600,143.5
"1326",83,2800,147
"1327",83,3000,151.5
"1328",83,3200,154
"1329",84,200,13.5
"1330",84,400,20
"1331",84,600,23.5
"1332",84,800,26
"1333",84,1000,28
"1334",84,1200,30
"1335",84,1400,31.5
"1336",84,1600,32.5
"1337",84,1800,34
"1338",84,2000,35
"1339",84,2200,37
"1340",84,2400,38.5
"1341",84,2600,40.5
"1342",84,2800,42
"1343",84,3000,44
"1344",84,3200,47
"1345",85,200,19
"1346",85,400,31
"1347",85,600,39
"1348",85,800,44
"1349",85,1000,48
"1350",85,1200,51.5
"1351",85,1400,53.5
"1352",85,1600,55.5
"1353",85,1800,57
"1354",85,2000,60
"1355",85,2200,62
"1356",85,2400,64
"1357",85,2600,66
"1358",85,2800,68.5
"1359",85,3000,70
"1360",85,3200,75
"1361",86,200,18
"1362",86,400,32
"1363",86,600,38.5
"1364",86,800,41.5
"1365",86,1000,44.5
"1366",86,1200,46.5
"1367",86,1400,48
"1368",86,1600,49.5
"1369",86,1800,51
"1370",86,2000,52.5
"1371",86,2200,53.5
"1372",86,2400,54.5
"1373",86,2600,56
"1374",86,2800,57.5
"1375",86,3000,59.5
"1376",86,3200,63
"1377",87,200,14.5
"1378",87,400,26
"1379",87,600,31.5
"1380",87,800,35
"1381",87,1000,37.5
"1382",87,1200,39
"1383",87,1400,41
"1384",87,1600,42.5
"1385",87,1800,44
"1386",87,2000,46
"1387",87,2200,47
"1388",87,2400,48.5
"1389",87,2600,50
"1390",87,2800,52
"1391",87,3000,55
"1392",87,3200,58
"1393",88,200,25
"1394",88,400,45
"1395",88,600,53.5
"1396",88,800,60.5
"1397",88,1000,64.5
"1398",88,1200,68
"1399",88,1400,71
"1400",88,1600,73
"1401",88,1800,75
"1402",88,2000,77.5
"1403",88,2200,80.5
"1404",88,2400,84
"1405",88,2600,88
"1406",88,2800,91.5
"1407",88,3000,96.5
"1408",88,3200,100
"1409",89,200,12
"1410",89,400,19
"1411",89,600,25
"1412",89,800,27.5
"1413",89,1000,30
"1414",89,1200,32
"1415",89,1400,33.5
"1416",89,1600,35
"1417",89,1800,37
"1418",89,2000,39.5
"1419",89,2200,41.5
"1420",89,2400,44
"1421",89,2600,46.5
"1422",89,2800,49.5
"1423",89,3000,52
"1424",89,3200,60
"1425",90,200,20
"1426",90,400,32
"1427",90,600,36
"1428",90,800,39
"1429",90,1000,41.5
"1430",90,1200,44.5
"1431",90,1400,47
"1432",90,1600,50
"1433",90,1800,51.5
"1434",90,2000,54
"1435",90,2200,56.5
"1436",90,2400,59
"1437",90,2600,61
"1438",90,2800,62.3333333333333
"1439",90,3000,63.6666666666667
"1440",90,3200,65
"1441",91,200,25.5
"1442",91,400,51
"1443",91,600,63
"1444",91,800,71.5
"1445",91,1000,78
"1446",91,1200,82.5
"1447",91,1400,89
"1448",91,1600,96
"1449",91,1800,101.5
"1450",91,2000,106.5
"1451",91,2200,110.5
"1452",91,2400,115
"1453",91,2600,118.5
"1454",91,2800,122
"1455",91,3000,125
"1456",91,3200,127
"1457",92,200,19.5
"1458",92,400,30
"1459",92,600,35
"1460",92,800,38.5
"1461",92,1000,40
"1462",92,1200,41.5
"1463",92,1400,43
"1464",92,1600,44.5
"1465",92,1800,46
"1466",92,2000,47
"1467",92,2200,48.5
"1468",92,2400,49.5
"1469",92,2600,51
"1470",92,2800,52.5
"1471",92,3000,54
"1472",92,3200,55
"1473",93,200,15
"1474",93,400,26.5
"1475",93,600,32.5
"1476",93,800,36.5
"1477",93,1000,40.5
"1478",93,1200,43.5
"1479",93,1400,45.5
"1480",93,1600,48
"1481",93,1800,49.5
"1482",93,2000,51.5
"1483",93,2200,53
"1484",93,2400,54.5
"1485",93,2600,55.5
"1486",93,2800,57
"1487",93,3000,59
"1488",93,3200,61
"1489",94,200,26
"1490",94,400,51
"1491",94,600,60
"1492",94,800,66
"1493",94,1000,71.5
"1494",94,1200,76
"1495",94,1400,81
"1496",94,1600,85.5
"1497",94,1800,89.5
"1498",94,2000,94
"1499",94,2200,97.5
"1500",94,2400,101
"1501",94,2600,104.5
"1502",94,2800,109
"1503",94,3000,113
"1504",94,3200,121
"1505",95,200,24
"1506",95,400,40
"1507",95,600,47
"1508",95,800,52.5
"1509",95,1000,57.5
"1510",95,1200,61
"1511",95,1400,63
"1512",95,1600,64.5
"1513",95,1800,66.5
"1514",95,2000,68.5
"1515",95,2200,70.5
"1516",95,2400,73.5
"1517",95,2600,76
"1518",95,2800,78.5
"1519",95,3000,82
"1520",95,3200,86
"1521",96,200,18
"1522",96,400,29
"1523",96,600,35
"1524",96,800,40
"1525",96,1000,43.5
"1526",96,1200,47
"1527",96,1400,48.5
"1528",96,1600,50
"1529",96,1800,51.5
"1530",96,2000,52.5
"1531",96,2200,54
"1532",96,2400,55.5
"1533",96,2600,58
"1534",96,2800,59
"1535",96,3000,62.5
"1536",96,3200,66
"1537",97,200,18
"1538",97,400,32
"1539",97,600,39.5
"1540",97,800,43.5
"1541",97,1000,47
"1542",97,1200,49
"1543",97,1400,50.5
"1544",97,1600,52.5
"1545",97,1800,53.5
"1546",97,2000,55
"1547",97,2200,56.5
"1548",97,2400,58
"1549",97,2600,59.5
"1550",97,2800,61.5
"1551",97,3000,63
"1552",97,3200,64.5
"1553",98,200,28.5
"1554",98,400,50
"1555",98,600,65
"1556",98,800,74.5
"1557",98,1000,81.5
"1558",98,1200,87
"1559",98,1400,93
"1560",98,1600,98
"1561",98,1800,103
"1562",98,2000,106.5
"1563",98,2200,110.5
"1564",98,2400,114.5
"1565",98,2600,118.5
"1566",98,2800,123
"1567",98,3000,124
"1568",98,3200,125
"1569",99,200,14.5
"1570",99,400,22
"1571",99,600,27
"1572",99,800,30.5
"1573",99,1000,33
"1574",99,1200,34.5
"1575",99,1400,36
"1576",99,1600,37
"1577",99,1800,38.5
"1578",99,2000,40.5
"1579",99,2200,42.5
"1580",99,2400,44.5
"1581",99,2600,48.5
"1582",99,2800,50
"1583",99,3000,51.5
"1584",99,3200,53
"1585",100,200,8
"1586",100,400,14.5
"1587",100,600,18
"1588",100,800,20.5
"1589",100,1000,23
"1590",100,1200,25.5
"1591",100,1400,27.5
"1592",100,1600,28.5
"1593",100,1800,29.5
"1594",100,2000,30.5
"1595",100,2200,32
"1596",100,2400,34
"1597",100,2600,36
"1598",100,2800,37.6666666666667
"1599",100,3000,39.3333333333333
"1600",100,3200,41
"1601",101,200,18
"1602",101,400,30.5
"1603",101,600,34.5
"1604",101,800,38
"1605",101,1000,39.5
"1606",101,1200,41
"1607",101,1400,43
"1608",101,1600,45
"1609",101,1800,46.5
"1610",101,2000,48
"1611",101,2200,50
"1612",101,2400,51.5
"1613",101,2600,53.5
"1614",101,2800,55.5
"1615",101,3000,57.5
"1616",101,3200,60
"1617",102,200,21
"1618",102,400,40
"1619",102,600,44.5
"1620",102,800,48
"1621",102,1000,50.5
"1622",102,1200,52
"1623",102,1400,53.5
"1624",102,1600,54.5
"1625",102,1800,55.5
"1626",102,2000,56.5
"1627",102,2200,57.5
"1628",102,2400,58.5
"1629",102,2600,60
"1630",102,2800,61.5
"1631",102,3000,64
"1632",102,3200,68.5
"1633",103,200,24.5
"1634",103,400,45
"1635",103,600,55
"1636",103,800,58.5
"1637",103,1000,60.5
"1638",103,1200,62.5
"1639",103,1400,64
"1640",103,1600,65
"1641",103,1800,66
"1642",103,2000,67
"1643",103,2200,68.5
"1644",103,2400,70
"1645",103,2600,71.5
"1646",103,2800,73.5
"1647",103,3000,80
"1648",103,3200,84
